Ticker,Company,Industry,Sector,Theme_Exposure,Directional_Exposure,Theme,Theme_Description,Meta_Theme,Mega_Theme,Research_Provider,Research_Note,Research_Note_Year,Research_Note_Month,Research_Note_Day,Legislation,Key_Variable,KV_View,,
NEE,NextEra Energy ,Clean Tech.,Energy,Leading developer of renewable projects in the US,Positive,Renewables,Renewable energy resources (wind and solar) represent nowa- days the lowest cost energy source in many parts of the US — driving negative carbon abatement costs for these technologies. ,Decarbonization,ESG/SRI ,Morgan Stanley,"Decarbonization
""Going Green Across the Board:
Assessing Key Decarbonization
Technologies & Stocks Exposed""",2021,9,30,Renewable Tax Credits,Installed Giga Watts of Renewables by 2030,425 GW,,
SEDG,SolarEdge Technologies ,Clean Tech.,Energy,Global leader manufacturer of PV solar inverters,Positive,Renewables,Renewable energy resources (wind and solar) represent nowa- days the lowest cost energy source in many parts of the US — driving negative carbon abatement costs for these technologies. ,Decarbonization,ESG/SRI ,Morgan Stanley,"Decarbonization
""Going Green Across the Board:
Assessing Key Decarbonization
Technologies & Stocks Exposed""",2021,9,30,Renewable Tax Credits,Installed Giga Watts of Renewables by 2030,425 GW,,
NOVA,Sunnova ,Clean Tech.,Energy,Residential solar and energy storage service provider,Positive,Renewables,Renewable energy resources (wind and solar) represent nowa- days the lowest cost energy source in many parts of the US — driving negative carbon abatement costs for these technologies. ,Decarbonization,ESG/SRI ,Morgan Stanley,"Decarbonization
""Going Green Across the Board:
Assessing Key Decarbonization
Technologies & Stocks Exposed""",2021,9,30,Renewable Tax Credits,Installed Giga Watts of Renewables by 2030,425 GW,,
RUN,SunRun ,Clean Tech.,Energy,Largest US rooftop solar and storage developer,Positive,Renewables,Renewable energy resources (wind and solar) represent nowa- days the lowest cost energy source in many parts of the US — driving negative carbon abatement costs for these technologies. ,Decarbonization,ESG/SRI ,Morgan Stanley,"Decarbonization
""Going Green Across the Board:
Assessing Key Decarbonization
Technologies & Stocks Exposed""",2021,9,30,Renewable Tax Credits,Installed Giga Watts of Renewables by 2030,425 GW,,
TPIC,TPI Composites ,Clean Tech.,Energy,Leading manufacturer of onshore wind turbines in the US,Positive,Renewables,Renewable energy resources (wind and solar) represent nowa- days the lowest cost energy source in many parts of the US — driving negative carbon abatement costs for these technologies. ,Decarbonization,ESG/SRI ,Morgan Stanley,"Decarbonization
""Going Green Across the Board:
Assessing Key Decarbonization
Technologies & Stocks Exposed""",2021,9,30,Renewable Tax Credits,Installed Giga Watts of Renewables by 2030,425 GW,,
AEE,Ameren ,Utilities,Energy,Exposed to the transition to renewable energy resources based on the size of its coal fleet and footprint with favorable renewables economics,Positive,Renewables,Renewable energy resources (wind and solar) represent nowa- days the lowest cost energy source in many parts of the US — driving negative carbon abatement costs for these technologies. ,Decarbonization,ESG/SRI ,Morgan Stanley,"Decarbonization
""Going Green Across the Board:
Assessing Key Decarbonization
Technologies & Stocks Exposed""",2021,9,30,Renewable Tax Credits,Installed Giga Watts of Renewables by 2030,425 GW,,
AEP,American Electric Power ,Utilities,Energy,Exposed to the transition to renewable energy resources based on the size of its coal fleet and footprint with favorable renewables economics,Positive,Renewables,Renewable energy resources (wind and solar) represent nowa- days the lowest cost energy source in many parts of the US — driving negative carbon abatement costs for these technologies. ,Decarbonization,ESG/SRI ,Morgan Stanley,"Decarbonization
""Going Green Across the Board:
Assessing Key Decarbonization
Technologies & Stocks Exposed""",2021,9,30,Renewable Tax Credits,Installed Giga Watts of Renewables by 2030,425 GW,,
CMS,CMS Energy ,Utilities,Energy,Exposed to the transition to renewable energy resources based on the size of its coal fleet and footprint with favorable renewables economics,Positive,Renewables,Renewable energy resources (wind and solar) represent nowa- days the lowest cost energy source in many parts of the US — driving negative carbon abatement costs for these technologies. ,Decarbonization,ESG/SRI ,Morgan Stanley,"Decarbonization
""Going Green Across the Board:
Assessing Key Decarbonization
Technologies & Stocks Exposed""",2021,9,30,Renewable Tax Credits,Installed Giga Watts of Renewables by 2030,425 GW,,
D,Dominion Energy ,Utilities,Energy,Exposed to the transition to renewable energy resources based on the size of its coal fleet and footprint with favorable renewables economics,Positive,Renewables,Renewable energy resources (wind and solar) represent nowa- days the lowest cost energy source in many parts of the US — driving negative carbon abatement costs for these technologies. ,Decarbonization,ESG/SRI ,Morgan Stanley,"Decarbonization
""Going Green Across the Board:
Assessing Key Decarbonization
Technologies & Stocks Exposed""",2021,9,30,Renewable Tax Credits,Installed Giga Watts of Renewables by 2030,425 GW,,
DTE,DTE Energy ,Utilities,Energy,Exposed to the transition to renewable energy resources based on the size of its coal fleet and footprint with favorable renewables economics,Positive,Renewables,Renewable energy resources (wind and solar) represent nowa- days the lowest cost energy source in many parts of the US — driving negative carbon abatement costs for these technologies. ,Decarbonization,ESG/SRI ,Morgan Stanley,"Decarbonization
""Going Green Across the Board:
Assessing Key Decarbonization
Technologies & Stocks Exposed""",2021,9,30,Renewable Tax Credits,Installed Giga Watts of Renewables by 2030,425 GW,,
DUK,Duke Energy ,Utilities,Energy,Exposed to the transition to renewable energy resources based on the size of its coal fleet and footprint with favorable renewables economics,Positive,Renewables,Renewable energy resources (wind and solar) represent nowa- days the lowest cost energy source in many parts of the US — driving negative carbon abatement costs for these technologies. ,Decarbonization,ESG/SRI ,Morgan Stanley,"Decarbonization
""Going Green Across the Board:
Assessing Key Decarbonization
Technologies & Stocks Exposed""",2021,9,30,Renewable Tax Credits,Installed Giga Watts of Renewables by 2030,425 GW,,
EIX,Edison International ,Utilities,Energy,Beneficiary of increased spending in electric transmission assets,Positive,Renewables,Renewable energy resources (wind and solar) represent nowa- days the lowest cost energy source in many parts of the US — driving negative carbon abatement costs for these technologies. ,Decarbonization,ESG/SRI ,Morgan Stanley,"Decarbonization
""Going Green Across the Board:
Assessing Key Decarbonization
Technologies & Stocks Exposed""",2021,9,30,Renewable Tax Credits,Installed Giga Watts of Renewables by 2030,425 GW,,
FE,FirstEnergy ,Utilities,Energy,Beneficiary of increased spending in electric transmission assets,Positive,Renewables,Renewable energy resources (wind and solar) represent nowa- days the lowest cost energy source in many parts of the US — driving negative carbon abatement costs for these technologies. ,Decarbonization,ESG/SRI ,Morgan Stanley,"Decarbonization
""Going Green Across the Board:
Assessing Key Decarbonization
Technologies & Stocks Exposed""",2021,9,30,Renewable Tax Credits,Installed Giga Watts of Renewables by 2030,425 GW,,
MGEE,MGE Energy ,Utilities,Energy,Beneficiary of increased spending in electric transmission assets,Positive,Renewables,Renewable energy resources (wind and solar) represent nowa- days the lowest cost energy source in many parts of the US — driving negative carbon abatement costs for these technologies. ,Decarbonization,ESG/SRI ,Morgan Stanley,"Decarbonization
""Going Green Across the Board:
Assessing Key Decarbonization
Technologies & Stocks Exposed""",2021,9,30,Renewable Tax Credits,Installed Giga Watts of Renewables by 2030,425 GW,,
SO,Southern Company ,Utilities,Energy,Exposed to the transition to renewable energy resources based on the size of its coal fleet and footprint with favorable renewables economics,Positive,Renewables,Renewable energy resources (wind and solar) represent nowa- days the lowest cost energy source in many parts of the US — driving negative carbon abatement costs for these technologies. ,Decarbonization,ESG/SRI ,Morgan Stanley,"Decarbonization
""Going Green Across the Board:
Assessing Key Decarbonization
Technologies & Stocks Exposed""",2021,9,30,Renewable Tax Credits,Installed Giga Watts of Renewables by 2030,425 GW,,
NEE,NextEra Energy ,Clean Tech.,Energy,Leading developer of renewable projects in the US,Positive,Renewables,Renewable energy resources (wind and solar) represent nowa- days the lowest cost energy source in many parts of the US — driving negative carbon abatement costs for these technologies. ,Decarbonization,ESG/SRI ,Morgan Stanley,"Decarbonization
""Going Green Across the Board:
Assessing Key Decarbonization
Technologies & Stocks Exposed""",2021,9,30,Renewable Tax Credits,Capital Investment by 2030,$840bn,,
SEDG,SolarEdge Technologies ,Clean Tech.,Energy,Global leader manufacturer of PV solar inverters,Positive,Renewables,Renewable energy resources (wind and solar) represent nowa- days the lowest cost energy source in many parts of the US — driving negative carbon abatement costs for these technologies. ,Decarbonization,ESG/SRI ,Morgan Stanley,"Decarbonization
""Going Green Across the Board:
Assessing Key Decarbonization
Technologies & Stocks Exposed""",2021,9,30,Renewable Tax Credits,Capital Investment by 2030,$840bn,,
NOVA,Sunnova ,Clean Tech.,Energy,Residential solar and energy storage service provider,Positive,Renewables,Renewable energy resources (wind and solar) represent nowa- days the lowest cost energy source in many parts of the US — driving negative carbon abatement costs for these technologies. ,Decarbonization,ESG/SRI ,Morgan Stanley,"Decarbonization
""Going Green Across the Board:
Assessing Key Decarbonization
Technologies & Stocks Exposed""",2021,9,30,Renewable Tax Credits,Capital Investment by 2030,$840bn,,
RUN,SunRun ,Clean Tech.,Energy,Largest US rooftop solar and storage developer,Positive,Renewables,Renewable energy resources (wind and solar) represent nowa- days the lowest cost energy source in many parts of the US — driving negative carbon abatement costs for these technologies. ,Decarbonization,ESG/SRI ,Morgan Stanley,"Decarbonization
""Going Green Across the Board:
Assessing Key Decarbonization
Technologies & Stocks Exposed""",2021,9,30,Renewable Tax Credits,Capital Investment by 2030,$840bn,,
TPIC,TPI Composites ,Clean Tech.,Energy,Leading manufacturer of onshore wind turbines in the US,Positive,Renewables,Renewable energy resources (wind and solar) represent nowa- days the lowest cost energy source in many parts of the US — driving negative carbon abatement costs for these technologies. ,Decarbonization,ESG/SRI ,Morgan Stanley,"Decarbonization
""Going Green Across the Board:
Assessing Key Decarbonization
Technologies & Stocks Exposed""",2021,9,30,Renewable Tax Credits,Capital Investment by 2030,$840bn,,
AEE,Ameren ,Utilities,Energy,Exposed to the transition to renewable energy resources based on the size of its coal fleet and footprint with favorable renewables economics,Positive,Renewables,Renewable energy resources (wind and solar) represent nowa- days the lowest cost energy source in many parts of the US — driving negative carbon abatement costs for these technologies. ,Decarbonization,ESG/SRI ,Morgan Stanley,"Decarbonization
""Going Green Across the Board:
Assessing Key Decarbonization
Technologies & Stocks Exposed""",2021,9,30,Renewable Tax Credits,Capital Investment by 2030,$840bn,,
AEP,American Electric Power ,Utilities,Energy,Exposed to the transition to renewable energy resources based on the size of its coal fleet and footprint with favorable renewables economics,Positive,Renewables,Renewable energy resources (wind and solar) represent nowa- days the lowest cost energy source in many parts of the US — driving negative carbon abatement costs for these technologies. ,Decarbonization,ESG/SRI ,Morgan Stanley,"Decarbonization
""Going Green Across the Board:
Assessing Key Decarbonization
Technologies & Stocks Exposed""",2021,9,30,Renewable Tax Credits,Capital Investment by 2030,$840bn,,
CMS,CMS Energy ,Utilities,Energy,Exposed to the transition to renewable energy resources based on the size of its coal fleet and footprint with favorable renewables economics,Positive,Renewables,Renewable energy resources (wind and solar) represent nowa- days the lowest cost energy source in many parts of the US — driving negative carbon abatement costs for these technologies. ,Decarbonization,ESG/SRI ,Morgan Stanley,"Decarbonization
""Going Green Across the Board:
Assessing Key Decarbonization
Technologies & Stocks Exposed""",2021,9,30,Renewable Tax Credits,Capital Investment by 2030,$840bn,,
D,Dominion Energy ,Utilities,Energy,Exposed to the transition to renewable energy resources based on the size of its coal fleet and footprint with favorable renewables economics,Positive,Renewables,Renewable energy resources (wind and solar) represent nowa- days the lowest cost energy source in many parts of the US — driving negative carbon abatement costs for these technologies. ,Decarbonization,ESG/SRI ,Morgan Stanley,"Decarbonization
""Going Green Across the Board:
Assessing Key Decarbonization
Technologies & Stocks Exposed""",2021,9,30,Renewable Tax Credits,Capital Investment by 2030,$840bn,,
DTE,DTE Energy ,Utilities,Energy,Exposed to the transition to renewable energy resources based on the size of its coal fleet and footprint with favorable renewables economics,Positive,Renewables,Renewable energy resources (wind and solar) represent nowa- days the lowest cost energy source in many parts of the US — driving negative carbon abatement costs for these technologies. ,Decarbonization,ESG/SRI ,Morgan Stanley,"Decarbonization
""Going Green Across the Board:
Assessing Key Decarbonization
Technologies & Stocks Exposed""",2021,9,30,Renewable Tax Credits,Capital Investment by 2030,$840bn,,
DUK,Duke Energy ,Utilities,Energy,Exposed to the transition to renewable energy resources based on the size of its coal fleet and footprint with favorable renewables economics,Positive,Renewables,Renewable energy resources (wind and solar) represent nowa- days the lowest cost energy source in many parts of the US — driving negative carbon abatement costs for these technologies. ,Decarbonization,ESG/SRI ,Morgan Stanley,"Decarbonization
""Going Green Across the Board:
Assessing Key Decarbonization
Technologies & Stocks Exposed""",2021,9,30,Renewable Tax Credits,Capital Investment by 2030,$840bn,,
EIX,Edison International ,Utilities,Energy,Beneficiary of increased spending in electric transmission assets,Positive,Renewables,Renewable energy resources (wind and solar) represent nowa- days the lowest cost energy source in many parts of the US — driving negative carbon abatement costs for these technologies. ,Decarbonization,ESG/SRI ,Morgan Stanley,"Decarbonization
""Going Green Across the Board:
Assessing Key Decarbonization
Technologies & Stocks Exposed""",2021,9,30,Renewable Tax Credits,Capital Investment by 2030,$840bn,,
FE,FirstEnergy ,Utilities,Energy,Beneficiary of increased spending in electric transmission assets,Positive,Renewables,Renewable energy resources (wind and solar) represent nowa- days the lowest cost energy source in many parts of the US — driving negative carbon abatement costs for these technologies. ,Decarbonization,ESG/SRI ,Morgan Stanley,"Decarbonization
""Going Green Across the Board:
Assessing Key Decarbonization
Technologies & Stocks Exposed""",2021,9,30,Renewable Tax Credits,Capital Investment by 2030,$840bn,,
MGEE,MGE Energy ,Utilities,Energy,Beneficiary of increased spending in electric transmission assets,Positive,Renewables,Renewable energy resources (wind and solar) represent nowa- days the lowest cost energy source in many parts of the US — driving negative carbon abatement costs for these technologies. ,Decarbonization,ESG/SRI ,Morgan Stanley,"Decarbonization
""Going Green Across the Board:
Assessing Key Decarbonization
Technologies & Stocks Exposed""",2021,9,30,Renewable Tax Credits,Capital Investment by 2030,$840bn,,
SO,Southern Company ,Utilities,Energy,Exposed to the transition to renewable energy resources based on the size of its coal fleet and footprint with favorable renewables economics,Positive,Renewables,Renewable energy resources (wind and solar) represent nowa- days the lowest cost energy source in many parts of the US — driving negative carbon abatement costs for these technologies. ,Decarbonization,ESG/SRI ,Morgan Stanley,"Decarbonization
""Going Green Across the Board:
Assessing Key Decarbonization
Technologies & Stocks Exposed""",2021,9,30,Renewable Tax Credits,Capital Investment by 2030,$840bn,,
NEE,NextEra Energy ,Clean Tech.,Energy,Leading developer of renewable projects in the US,Positive,Renewables,Renewable energy resources (wind and solar) represent nowa- days the lowest cost energy source in many parts of the US — driving negative carbon abatement costs for these technologies. ,Decarbonization,ESG/SRI ,Morgan Stanley,"Decarbonization
""Going Green Across the Board:
Assessing Key Decarbonization
Technologies & Stocks Exposed""",2021,9,30,Renewable Tax Credits,Percentage of US Power Mix in 2030,40%,,
SEDG,SolarEdge Technologies ,Clean Tech.,Energy,Global leader manufacturer of PV solar inverters,Positive,Renewables,Renewable energy resources (wind and solar) represent nowa- days the lowest cost energy source in many parts of the US — driving negative carbon abatement costs for these technologies. ,Decarbonization,ESG/SRI ,Morgan Stanley,"Decarbonization
""Going Green Across the Board:
Assessing Key Decarbonization
Technologies & Stocks Exposed""",2021,9,30,Renewable Tax Credits,Percentage of US Power Mix in 2030,40%,,
NOVA,Sunnova ,Clean Tech.,Energy,Residential solar and energy storage service provider,Positive,Renewables,Renewable energy resources (wind and solar) represent nowa- days the lowest cost energy source in many parts of the US — driving negative carbon abatement costs for these technologies. ,Decarbonization,ESG/SRI ,Morgan Stanley,"Decarbonization
""Going Green Across the Board:
Assessing Key Decarbonization
Technologies & Stocks Exposed""",2021,9,30,Renewable Tax Credits,Percentage of US Power Mix in 2030,40%,,
RUN,SunRun ,Clean Tech.,Energy,Largest US rooftop solar and storage developer,Positive,Renewables,Renewable energy resources (wind and solar) represent nowa- days the lowest cost energy source in many parts of the US — driving negative carbon abatement costs for these technologies. ,Decarbonization,ESG/SRI ,Morgan Stanley,"Decarbonization
""Going Green Across the Board:
Assessing Key Decarbonization
Technologies & Stocks Exposed""",2021,9,30,Renewable Tax Credits,Percentage of US Power Mix in 2030,40%,,
TPIC,TPI Composites ,Clean Tech.,Energy,Leading manufacturer of onshore wind turbines in the US,Positive,Renewables,Renewable energy resources (wind and solar) represent nowa- days the lowest cost energy source in many parts of the US — driving negative carbon abatement costs for these technologies. ,Decarbonization,ESG/SRI ,Morgan Stanley,"Decarbonization
""Going Green Across the Board:
Assessing Key Decarbonization
Technologies & Stocks Exposed""",2021,9,30,Renewable Tax Credits,Percentage of US Power Mix in 2030,40%,,
AEE,Ameren ,Utilities,Energy,Exposed to the transition to renewable energy resources based on the size of its coal fleet and footprint with favorable renewables economics,Positive,Renewables,Renewable energy resources (wind and solar) represent nowa- days the lowest cost energy source in many parts of the US — driving negative carbon abatement costs for these technologies. ,Decarbonization,ESG/SRI ,Morgan Stanley,"Decarbonization
""Going Green Across the Board:
Assessing Key Decarbonization
Technologies & Stocks Exposed""",2021,9,30,Renewable Tax Credits,Percentage of US Power Mix in 2030,40%,,
AEP,American Electric Power ,Utilities,Energy,Exposed to the transition to renewable energy resources based on the size of its coal fleet and footprint with favorable renewables economics,Positive,Renewables,Renewable energy resources (wind and solar) represent nowa- days the lowest cost energy source in many parts of the US — driving negative carbon abatement costs for these technologies. ,Decarbonization,ESG/SRI ,Morgan Stanley,"Decarbonization
""Going Green Across the Board:
Assessing Key Decarbonization
Technologies & Stocks Exposed""",2021,9,30,Renewable Tax Credits,Percentage of US Power Mix in 2030,40%,,
CMS,CMS Energy ,Utilities,Energy,Exposed to the transition to renewable energy resources based on the size of its coal fleet and footprint with favorable renewables economics,Positive,Renewables,Renewable energy resources (wind and solar) represent nowa- days the lowest cost energy source in many parts of the US — driving negative carbon abatement costs for these technologies. ,Decarbonization,ESG/SRI ,Morgan Stanley,"Decarbonization
""Going Green Across the Board:
Assessing Key Decarbonization
Technologies & Stocks Exposed""",2021,9,30,Renewable Tax Credits,Percentage of US Power Mix in 2030,40%,,
D,Dominion Energy ,Utilities,Energy,Exposed to the transition to renewable energy resources based on the size of its coal fleet and footprint with favorable renewables economics,Positive,Renewables,Renewable energy resources (wind and solar) represent nowa- days the lowest cost energy source in many parts of the US — driving negative carbon abatement costs for these technologies. ,Decarbonization,ESG/SRI ,Morgan Stanley,"Decarbonization
""Going Green Across the Board:
Assessing Key Decarbonization
Technologies & Stocks Exposed""",2021,9,30,Renewable Tax Credits,Percentage of US Power Mix in 2030,40%,,
DTE,DTE Energy ,Utilities,Energy,Exposed to the transition to renewable energy resources based on the size of its coal fleet and footprint with favorable renewables economics,Positive,Renewables,Renewable energy resources (wind and solar) represent nowa- days the lowest cost energy source in many parts of the US — driving negative carbon abatement costs for these technologies. ,Decarbonization,ESG/SRI ,Morgan Stanley,"Decarbonization
""Going Green Across the Board:
Assessing Key Decarbonization
Technologies & Stocks Exposed""",2021,9,30,Renewable Tax Credits,Percentage of US Power Mix in 2030,40%,,
DUK,Duke Energy ,Utilities,Energy,Exposed to the transition to renewable energy resources based on the size of its coal fleet and footprint with favorable renewables economics,Positive,Renewables,Renewable energy resources (wind and solar) represent nowa- days the lowest cost energy source in many parts of the US — driving negative carbon abatement costs for these technologies. ,Decarbonization,ESG/SRI ,Morgan Stanley,"Decarbonization
""Going Green Across the Board:
Assessing Key Decarbonization
Technologies & Stocks Exposed""",2021,9,30,Renewable Tax Credits,Percentage of US Power Mix in 2030,40%,,
EIX,Edison International ,Utilities,Energy,Beneficiary of increased spending in electric transmission assets,Positive,Renewables,Renewable energy resources (wind and solar) represent nowa- days the lowest cost energy source in many parts of the US — driving negative carbon abatement costs for these technologies. ,Decarbonization,ESG/SRI ,Morgan Stanley,"Decarbonization
""Going Green Across the Board:
Assessing Key Decarbonization
Technologies & Stocks Exposed""",2021,9,30,Renewable Tax Credits,Percentage of US Power Mix in 2030,40%,,
FE,FirstEnergy ,Utilities,Energy,Beneficiary of increased spending in electric transmission assets,Positive,Renewables,Renewable energy resources (wind and solar) represent nowa- days the lowest cost energy source in many parts of the US — driving negative carbon abatement costs for these technologies. ,Decarbonization,ESG/SRI ,Morgan Stanley,"Decarbonization
""Going Green Across the Board:
Assessing Key Decarbonization
Technologies & Stocks Exposed""",2021,9,30,Renewable Tax Credits,Percentage of US Power Mix in 2030,40%,,
MGEE,MGE Energy ,Utilities,Energy,Beneficiary of increased spending in electric transmission assets,Positive,Renewables,Renewable energy resources (wind and solar) represent nowa- days the lowest cost energy source in many parts of the US — driving negative carbon abatement costs for these technologies. ,Decarbonization,ESG/SRI ,Morgan Stanley,"Decarbonization
""Going Green Across the Board:
Assessing Key Decarbonization
Technologies & Stocks Exposed""",2021,9,30,Renewable Tax Credits,Percentage of US Power Mix in 2030,40%,,
SO,Southern Company ,Utilities,Energy,Exposed to the transition to renewable energy resources based on the size of its coal fleet and footprint with favorable renewables economics,Positive,Renewables,Renewable energy resources (wind and solar) represent nowa- days the lowest cost energy source in many parts of the US — driving negative carbon abatement costs for these technologies. ,Decarbonization,ESG/SRI ,Morgan Stanley,"Decarbonization
""Going Green Across the Board:
Assessing Key Decarbonization
Technologies & Stocks Exposed""",2021,9,30,Renewable Tax Credits,Percentage of US Power Mix in 2030,40%,,
NEE,NextEra Energy ,Clean Tech.,Energy,Leading developer of renewable projects in the US,Positive,Renewables,Renewable energy resources (wind and solar) represent nowa- days the lowest cost energy source in many parts of the US — driving negative carbon abatement costs for these technologies. ,Decarbonization,ESG/SRI ,Morgan Stanley,"Decarbonization
""Going Green Across the Board:
Assessing Key Decarbonization
Technologies & Stocks Exposed""",2021,9,30,Renewable Tax Credits,Reduction in CO2 emissions by 2030|baseline = 2005,76%,,
SEDG,SolarEdge Technologies ,Clean Tech.,Energy,Global leader manufacturer of PV solar inverters,Positive,Renewables,Renewable energy resources (wind and solar) represent nowa- days the lowest cost energy source in many parts of the US — driving negative carbon abatement costs for these technologies. ,Decarbonization,ESG/SRI ,Morgan Stanley,"Decarbonization
""Going Green Across the Board:
Assessing Key Decarbonization
Technologies & Stocks Exposed""",2021,9,30,Renewable Tax Credits,Reduction in CO2 emissions by 2030|baseline = 2005,76%,,
NOVA,Sunnova ,Clean Tech.,Energy,Residential solar and energy storage service provider,Positive,Renewables,Renewable energy resources (wind and solar) represent nowa- days the lowest cost energy source in many parts of the US — driving negative carbon abatement costs for these technologies. ,Decarbonization,ESG/SRI ,Morgan Stanley,"Decarbonization
""Going Green Across the Board:
Assessing Key Decarbonization
Technologies & Stocks Exposed""",2021,9,30,Renewable Tax Credits,Reduction in CO2 emissions by 2030|baseline = 2005,76%,,
RUN,SunRun ,Clean Tech.,Energy,Largest US rooftop solar and storage developer,Positive,Renewables,Renewable energy resources (wind and solar) represent nowa- days the lowest cost energy source in many parts of the US — driving negative carbon abatement costs for these technologies. ,Decarbonization,ESG/SRI ,Morgan Stanley,"Decarbonization
""Going Green Across the Board:
Assessing Key Decarbonization
Technologies & Stocks Exposed""",2021,9,30,Renewable Tax Credits,Reduction in CO2 emissions by 2030|baseline = 2005,76%,,
TPIC,TPI Composites ,Clean Tech.,Energy,Leading manufacturer of onshore wind turbines in the US,Positive,Renewables,Renewable energy resources (wind and solar) represent nowa- days the lowest cost energy source in many parts of the US — driving negative carbon abatement costs for these technologies. ,Decarbonization,ESG/SRI ,Morgan Stanley,"Decarbonization
""Going Green Across the Board:
Assessing Key Decarbonization
Technologies & Stocks Exposed""",2021,9,30,Renewable Tax Credits,Reduction in CO2 emissions by 2030|baseline = 2005,76%,,
AEE,Ameren ,Utilities,Energy,Exposed to the transition to renewable energy resources based on the size of its coal fleet and footprint with favorable renewables economics,Positive,Renewables,Renewable energy resources (wind and solar) represent nowa- days the lowest cost energy source in many parts of the US — driving negative carbon abatement costs for these technologies. ,Decarbonization,ESG/SRI ,Morgan Stanley,"Decarbonization
""Going Green Across the Board:
Assessing Key Decarbonization
Technologies & Stocks Exposed""",2021,9,30,Renewable Tax Credits,Reduction in CO2 emissions by 2030|baseline = 2005,76%,,
AEP,American Electric Power ,Utilities,Energy,Exposed to the transition to renewable energy resources based on the size of its coal fleet and footprint with favorable renewables economics,Positive,Renewables,Renewable energy resources (wind and solar) represent nowa- days the lowest cost energy source in many parts of the US — driving negative carbon abatement costs for these technologies. ,Decarbonization,ESG/SRI ,Morgan Stanley,"Decarbonization
""Going Green Across the Board:
Assessing Key Decarbonization
Technologies & Stocks Exposed""",2021,9,30,Renewable Tax Credits,Reduction in CO2 emissions by 2030|baseline = 2005,76%,,
CMS,CMS Energy ,Utilities,Energy,Exposed to the transition to renewable energy resources based on the size of its coal fleet and footprint with favorable renewables economics,Positive,Renewables,Renewable energy resources (wind and solar) represent nowa- days the lowest cost energy source in many parts of the US — driving negative carbon abatement costs for these technologies. ,Decarbonization,ESG/SRI ,Morgan Stanley,"Decarbonization
""Going Green Across the Board:
Assessing Key Decarbonization
Technologies & Stocks Exposed""",2021,9,30,Renewable Tax Credits,Reduction in CO2 emissions by 2030|baseline = 2005,76%,,
D,Dominion Energy ,Utilities,Energy,Exposed to the transition to renewable energy resources based on the size of its coal fleet and footprint with favorable renewables economics,Positive,Renewables,Renewable energy resources (wind and solar) represent nowa- days the lowest cost energy source in many parts of the US — driving negative carbon abatement costs for these technologies. ,Decarbonization,ESG/SRI ,Morgan Stanley,"Decarbonization
""Going Green Across the Board:
Assessing Key Decarbonization
Technologies & Stocks Exposed""",2021,9,30,Renewable Tax Credits,Reduction in CO2 emissions by 2030|baseline = 2005,76%,,
DTE,DTE Energy ,Utilities,Energy,Exposed to the transition to renewable energy resources based on the size of its coal fleet and footprint with favorable renewables economics,Positive,Renewables,Renewable energy resources (wind and solar) represent nowa- days the lowest cost energy source in many parts of the US — driving negative carbon abatement costs for these technologies. ,Decarbonization,ESG/SRI ,Morgan Stanley,"Decarbonization
""Going Green Across the Board:
Assessing Key Decarbonization
Technologies & Stocks Exposed""",2021,9,30,Renewable Tax Credits,Reduction in CO2 emissions by 2030|baseline = 2005,76%,,
DUK,Duke Energy ,Utilities,Energy,Exposed to the transition to renewable energy resources based on the size of its coal fleet and footprint with favorable renewables economics,Positive,Renewables,Renewable energy resources (wind and solar) represent nowa- days the lowest cost energy source in many parts of the US — driving negative carbon abatement costs for these technologies. ,Decarbonization,ESG/SRI ,Morgan Stanley,"Decarbonization
""Going Green Across the Board:
Assessing Key Decarbonization
Technologies & Stocks Exposed""",2021,9,30,Renewable Tax Credits,Reduction in CO2 emissions by 2030|baseline = 2005,76%,,
EIX,Edison International ,Utilities,Energy,Beneficiary of increased spending in electric transmission assets,Positive,Renewables,Renewable energy resources (wind and solar) represent nowa- days the lowest cost energy source in many parts of the US — driving negative carbon abatement costs for these technologies. ,Decarbonization,ESG/SRI ,Morgan Stanley,"Decarbonization
""Going Green Across the Board:
Assessing Key Decarbonization
Technologies & Stocks Exposed""",2021,9,30,Renewable Tax Credits,Reduction in CO2 emissions by 2030|baseline = 2005,76%,,
FE,FirstEnergy ,Utilities,Energy,Beneficiary of increased spending in electric transmission assets,Positive,Renewables,Renewable energy resources (wind and solar) represent nowa- days the lowest cost energy source in many parts of the US — driving negative carbon abatement costs for these technologies. ,Decarbonization,ESG/SRI ,Morgan Stanley,"Decarbonization
""Going Green Across the Board:
Assessing Key Decarbonization
Technologies & Stocks Exposed""",2021,9,30,Renewable Tax Credits,Reduction in CO2 emissions by 2030|baseline = 2005,76%,,
MGEE,MGE Energy ,Utilities,Energy,Beneficiary of increased spending in electric transmission assets,Positive,Renewables,Renewable energy resources (wind and solar) represent nowa- days the lowest cost energy source in many parts of the US — driving negative carbon abatement costs for these technologies. ,Decarbonization,ESG/SRI ,Morgan Stanley,"Decarbonization
""Going Green Across the Board:
Assessing Key Decarbonization
Technologies & Stocks Exposed""",2021,9,30,Renewable Tax Credits,Reduction in CO2 emissions by 2030|baseline = 2005,76%,,
SO,Southern Company ,Utilities,Energy,Exposed to the transition to renewable energy resources based on the size of its coal fleet and footprint with favorable renewables economics,Positive,Renewables,Renewable energy resources (wind and solar) represent nowa- days the lowest cost energy source in many parts of the US — driving negative carbon abatement costs for these technologies. ,Decarbonization,ESG/SRI ,Morgan Stanley,"Decarbonization
""Going Green Across the Board:
Assessing Key Decarbonization
Technologies & Stocks Exposed""",2021,9,30,Renewable Tax Credits,Reduction in CO2 emissions by 2030|baseline = 2005,76%,,
,,,,,,,,,,,,,,,,,,,
,,,,,,,,,,,,,,,,,,,